	onset	duration	trial_type	real_time
0	0.12822566643978917	15.000030199997127	preaudio_metronome	14:47:54:070159
1	15.128255866436916	22.29604353339721	PhoneCallHome_5min_MBC	14:48:09:070159
