	audio_file	actual_len	playing_len
0	PieMan_5min_9s	308.9180045351474	315.30678781700044
