	onset	duration	trial_type	real_time
0	2.8784282665854946	10.00029950006865	preaudio_metronome	13:32:30:699605
1	12.878727766654144	290.57667783345096	PieMan_5min	13:32:40:699605
2	303.4548401001375	15.00009849993512	postaudio_metronome	13:37:31:291112
