	onset	duration	trial_type	real_time
0	0.7784515664136649	10.000337800011039	preaudio_metronome	13:04:35:002086
1	24.216690100030974	0.0	Left-Min	13:04:58:450079
2	31.32058439985849	0.0	Left-Min	13:05:05:554415
3	39.42198059987277	0.0	Left-Min	13:05:13:655916
4	42.02476099994965	0.0	Left-Min	13:05:16:258739
5	44.22212569997646	0.0	Left-Min	13:05:18:456374
6	10.778789366424704	33.839445833520344	PhoneCallHome_5	13:04:45:002086
