	onset	duration	trial_type	real_time
0	0.7781848665947706	10.000366499880329	preaudio_metronome	13:46:04:873923
1	10.7785513664751	290.7393959334586	HauntedHouse_5min	13:46:14:873923
2	301.51733379997313	15.094173199962825	postaudio_metronome	13:51:05:625775
