	onset	duration	trial_type	real_time
0	0.7786093666839093	10.000288599985652	preaudio_metronome	15:37:29:020756
1	10.778897966669561	290.54489213333	PieMan_5min_MBC_12_5_22	15:37:39:020756
2	301.3232420999557	23.00061739992816	postaudio_metronome	15:42:29:579886
