	onset	duration	trial_type	real_time
0	0.6562367000005906	10.00000159999945	preaudio_metronome	15:08:37:294503
1	10.656238300000041	29.603689300000042	HauntedHouse_5min2s	15:08:47:294503
