	onset	duration	trial_type	real_time
0	0.6560544999992999	10.000001799999154	preaudio_metronome	15:03:39:470086
1	10.656056299998454	144.73397410000143	PieMan_5min_9s_comp_v2	15:03:49:470086
