	onset	duration	trial_type	real_time
0	0.656021700000565	10.000001800000973	preaudio_metronome	15:07:12:667306
1	10.656023500001538	40.480029399999694	PieMan_5min_9s_comp_v2	15:07:22:667306
