	onset	duration	trial_type	real_time
0	0.6560955999993894	10.000008200000593	preaudio_metronome	15:46:09:428178
1	10.656103799999983	69.94724510000015	PhoneCallHome SB_comp_v3_3db	15:46:19:428178
