	onset	duration	trial_type	real_time
0	0.7460761000402272	10.000289299990982	preaudio_metronome	12:34:20:609162
1	2.922067299950868	0.0	Right-Max	12:34:22:785384
2	5.656193099915981	0.0	Left-Min	12:34:25:519518
3	10.512733499985188	0.0	Right-Max	12:34:30:375587
4	12.294958199840039	0.0	Left-Min	12:34:32:158393
