	onset	duration	trial_type	real_time
0	0.7461732001975179	10.000342399813235	preaudio_metronome	12:37:47:058855
1	2.664341799914837	0.0	Right-Max	12:37:48:977531
2	5.170248500071466	0.0	Left-Min	12:37:51:483243
3	10.746515600010753	308.9180045351474	PieMan_5min_9s_comp_v2	12:37:57:059807
4	319.66452013515817	10.07157016498087	postaudio_metronome	12:43:05:977812
