	onset	duration	trial_type	real_time
0	2.763057400006801	10.000324800144881	preaudio_metronome	12:58:14:670462
1	12.763382200151682	303.17002267573696	HauntedHouse_5min2s	12:58:24:670462
2	315.93340487588864	10.038356724225764	postaudio_metronome	13:03:27:840485
