	onset	duration	trial_type	real_time
0	0.6557384000007005	10.000001800000973	preaudio_metronome	14:46:39:489774
1	10.655740200001674	38.25389019999966	PhoneCallHome SB_comp_v3_3db	14:46:49:489774
