	onset	duration	trial_type	real_time
0	0.6560029000011127	10.000001799999154	preaudio_metronome	14:50:37:961060
1	10.656004700000267	227.81708749999962	HauntedHouse_5min2s	14:50:47:961060
