	onset	duration	trial_type	real_time
0	0.656052100001034	10.000001799999154	preaudio_metronome	14:48:07:520600
1	10.656053900000188	36.631439599999794	PieMan_5min_9s_comp_v2	14:48:17:520600
