	audio_file	actual_len	playing_len
0	PhoneCallHome_5	300.1230612244898	300.52122081699963
