	onset	duration	trial_type	real_time
0	0.6560213000011572	10.000001500000508	preaudio_metronome	14:36:24:863484
1	10.656022800001665	23.826335099998687	PieMan_5min_9s_comp_v2	14:36:34:863484
