	onset	duration	trial_type	real_time
0	0.6560397000012017	10.000001699998393	preaudio_metronome	14:38:37:254705
1	10.656041399999594	294.1004014000009	HauntedHouse_5min2s	14:38:47:254705
