	onset	duration	trial_type	real_time
0	0.6560709000004863	10.00000159999945	preaudio_metronome	14:03:03:217512
