	onset	duration	trial_type	real_time
0	0.6576686999997037	10.00000159999945	preaudio_metronome	14:10:12:991211
1	10.657670299999154	312.2495823999998	PhoneCallHome SB_comp_v3_3db	14:10:22:991211
2	322.9099456999993	5.0	postaudio_metronome	14:15:35:244375
