	onset	duration	trial_type	real_time
0	0.6559938999998849	10.000001700000212	preaudio_metronome	14:07:25:065611
