	onset	duration	trial_type	real_time
0	0.6560363999997207	10.000001700000212	preaudio_metronome	14:32:58:660627
1	10.656038099999932	159.87243940000008	PieMan_5min_9s_comp_v2	14:33:08:660627
