	onset	duration	trial_type	real_time
0	0.6560200000003533	10.00000159999945	preaudio_metronome	13:55:33:533929
