	onset	duration	trial_type	real_time
0	0.6563439000001381	10.000001700000212	preaudio_metronome	13:52:05:830533
1	10.65634560000035	139.3469208000006	PhoneCallHome SB_comp_v3_3db	13:52:15:830533
