	onset	duration	trial_type	real_time
0	0.656043500001033	10.000001700000212	preaudio_metronome	14:37:33:378032
1	10.656045200001245	22.24552379999841	HauntedHouse_5min2s	14:37:43:378032
